faker-address-building-number
faker-address-city
faker-address-city-prefix
faker-address-city-suffix
faker-address-community
faker-address-country
faker-address-country-code
faker-address-country-code-long
faker-address-full-address
faker-address-latitude
faker-address-longitude
faker-address-mail-box
faker-address-postcode
faker-address-secondary-address
faker-address-state
faker-address-state-abbr
faker-address-street-address
faker-address-street-name
faker-address-street-suffix
faker-address-time-zone
faker-address-zip
faker-address-zip-code
faker-ancient-god
faker-ancient-hero
faker-ancient-primordial
faker-ancient-titan
faker-app-author
faker-app-name
faker-app-semantic-version
faker-app-version
faker-appliance-brand
faker-appliance-equipment
faker-artist-name
faker-avatar-image
faker-bank-account-number
faker-bank-iban
faker-bank-name
faker-bank-routing-number
faker-bank-swift-bic
faker-beer-alcohol
faker-beer-blg
faker-beer-brand
faker-beer-hop
faker-beer-ibu
faker-beer-malts
faker-beer-name
faker-beer-style
faker-beer-yeast
faker-blockchain-aeternity-address
faker-blockchain-aeternity-contract
faker-blockchain-aeternity-oracle
faker-blockchain-aeternity-transaction
faker-blockchain-bitcoin-address
faker-blockchain-bitcoin-testnet-address
faker-blockchain-ethereum-address
faker-blockchain-tezos-account
faker-blockchain-tezos-block
faker-blockchain-tezos-contract
faker-blockchain-tezos-operation
faker-blockchain-tezos-signature
faker-blood-group
faker-blood-rh-factor
faker-blood-type
faker-book-author
faker-book-genre
faker-book-publisher
faker-book-title
faker-books-cultureseries-book
faker-books-cultureseries-civ
faker-books-cultureseries-culture-ship
faker-books-cultureseries-culture-ship-class
faker-books-cultureseries-culture-ship-class-abv
faker-books-cultureseries-planet
faker-books-dune-character
faker-books-dune-planet
faker-books-dune-quote
faker-books-dune-saying
faker-books-dune-title
faker-books-lovecraft-deity
faker-books-lovecraft-fhtagn
faker-books-lovecraft-location
faker-books-lovecraft-paragraph
faker-books-lovecraft-paragraph-by-chars
faker-books-lovecraft-paragraphs
faker-books-lovecraft-sentence
faker-books-lovecraft-sentences
faker-books-lovecraft-tome
faker-books-lovecraft-word
faker-books-lovecraft-words
faker-boolean-boolean
faker-bossanova-artist
faker-bossanova-song
faker-business-credit-card-expiry-date
faker-business-credit-card-number
faker-business-credit-card-type
faker-cannabis-brand
faker-cannabis-buzzword
faker-cannabis-cannabinoid
faker-cannabis-cannabinoid-abbreviation
faker-cannabis-category
faker-cannabis-health-benefit
faker-cannabis-medical-use
faker-cannabis-strain
faker-cannabis-terpene
faker-cannabis-type
faker-chilerut-check-digit
faker-chilerut-dv
faker-chilerut-full-rut
faker-chilerut-last-rut
faker-chilerut-rut
faker-chucknorris-fact
faker-code-asin
faker-code-ean
faker-code-isbn
faker-code-npi
faker-code-nric
faker-code-rut
faker-code-sin
faker-coffee-blend-name
faker-coffee-intensifier
faker-coffee-notes
faker-coffee-origin
faker-coffee-variety
faker-coin-flip
faker-coin-name
faker-color-color-name
faker-color-hex-color
faker-color-hsl-color
faker-color-hsla-color
faker-color-rgb-color
faker-commerce-color
faker-commerce-department
faker-commerce-material
faker-commerce-price
faker-commerce-product-name
faker-commerce-promotion-code
faker-company-australian-business-number
faker-company-brazilian-company-number
faker-company-bs
faker-company-buzzword
faker-company-catch-phrase
faker-company-czech-organisation-number
faker-company-duns-number
faker-company-ein
faker-company-french-siren-number
faker-company-french-siret-number
faker-company-industry
faker-company-logo
faker-company-name
faker-company-norwegian-organisation-number
faker-company-polish-register-of-national-economy
faker-company-polish-taxpayer-identification-number
faker-company-profession
faker-company-russian-tax-number
faker-company-sic-code
faker-company-south-african-close-corporation-registration-number
faker-company-south-african-listed-company-registration-number
faker-company-south-african-pty-ltd-registration-number
faker-company-south-african-trust-registration-number
faker-company-spanish-organisation-number
faker-company-suffix
faker-company-swedish-organisation-number
faker-company-type
faker-compass-abbreviation
faker-compass-azimuth
faker-compass-cardinal
faker-compass-cardinal-abbreviation
faker-compass-cardinal-azimuth
faker-compass-direction
faker-compass-half-wind
faker-compass-half-wind-abbreviation
faker-compass-half-wind-azimuth
faker-compass-ordinal
faker-compass-ordinal-abbreviation
faker-compass-ordinal-azimuth
faker-compass-quarter-wind
faker-compass-quarter-wind-abbreviation
faker-compass-quarter-wind-azimuth
faker-computer-os
faker-computer-platform
faker-computer-stack
faker-computer-type
faker-construction-heavy-equipment
faker-construction-material
faker-construction-role
faker-construction-standard-cost-code
faker-construction-subcontract-category
faker-construction-trade
faker-cosmere-allomancer
faker-cosmere-aon
faker-cosmere-feruchemist
faker-cosmere-herald
faker-cosmere-knight-radiant
faker-cosmere-metal
faker-cosmere-shard
faker-cosmere-shard-world
faker-cosmere-spren
faker-cosmere-surge
faker-creature-animal-name
faker-creature-cat-breed
faker-creature-cat-name
faker-creature-cat-registry
faker-creature-dog-age
faker-creature-dog-breed
faker-creature-dog-coat-length
faker-creature-dog-gender
faker-creature-dog-meme-phrase
faker-creature-dog-name
faker-creature-dog-size
faker-creature-dog-sound
faker-creature-horse-breed
faker-creature-horse-name
faker-crypto-md5
faker-crypto-sha1
faker-crypto-sha256
faker-cryptocoin-acronym
faker-cryptocoin-coin-array
faker-cryptocoin-coin-name
faker-cryptocoin-url-logo
faker-currency-code
faker-currency-name
faker-currency-symbol
faker-date-in-date-period
faker-dccomics-hero
faker-dccomics-heroine
faker-dccomics-name
faker-dccomics-title
faker-dccomics-villain
faker-demographic-demonym
faker-demographic-educational-attainment
faker-demographic-height
faker-demographic-marital-status
faker-demographic-race
faker-demographic-sex
faker-dessert-flavor
faker-dessert-topping
faker-dessert-variety
faker-device-build-number
faker-device-manufacturer
faker-device-model-name
faker-device-platform
faker-device-serial
faker-device-version
faker-drivinglicence-british-driving-licence
faker-drivinglicence-northern-irish-driving-licence
faker-drivinglicence-uk-driving-licence
faker-educator-campus
faker-educator-course-name
faker-educator-degree
faker-educator-secondary-school
faker-educator-subject
faker-educator-university
faker-electricalcomponents-active
faker-electricalcomponents-electromechanical
faker-electricalcomponents-passive
faker-esport-event
faker-esport-game
faker-esport-league
faker-esport-player
faker-esport-team
faker-file-dir
faker-file-extension
faker-file-mime-type
faker-fillmurray-image
faker-finance-credit-card
faker-finance-vat-number
faker-food-description
faker-food-dish
faker-food-fruits
faker-food-ingredient
faker-food-measurement
faker-food-metric-measurement
faker-food-spice
faker-food-sushi
faker-food-vegetables
faker-funnyname-four-word-name
faker-funnyname-name
faker-funnyname-name-with-initial
faker-funnyname-three-word-name
faker-funnyname-two-word-name
faker-game-genre
faker-game-platform
faker-game-title
faker-games-dnd-alignment
faker-games-dnd-background
faker-games-dnd-city
faker-games-dnd-klass
faker-games-dnd-language
faker-games-dnd-melee-weapon
faker-games-dnd-monster
faker-games-dnd-race
faker-games-dnd-ranged-weapon
faker-games-dota-hero
faker-games-dota-item
faker-games-dota-player
faker-games-dota-quote
faker-games-dota-team
faker-games-elderscrolls-city
faker-games-elderscrolls-creature
faker-games-elderscrolls-dragon
faker-games-elderscrolls-first-name
faker-games-elderscrolls-last-name
faker-games-elderscrolls-name
faker-games-elderscrolls-race
faker-games-elderscrolls-region
faker-games-fallout-character
faker-games-fallout-faction
faker-games-fallout-location
faker-games-fallout-quote
faker-games-halflife-character
faker-games-halflife-enemy
faker-games-halflife-location
faker-games-heroes-klass
faker-games-heroes-name
faker-games-heroes-specialty
faker-games-heroesofthestorm-battleground
faker-games-heroesofthestorm-class-name
faker-games-heroesofthestorm-hero
faker-games-heroesofthestorm-quote
faker-games-leagueoflegends-champion
faker-games-leagueoflegends-location
faker-games-leagueoflegends-masteries
faker-games-leagueoflegends-quote
faker-games-leagueoflegends-rank
faker-games-leagueoflegends-summoner-spell
faker-games-myst-age
faker-games-myst-character
faker-games-myst-creature
faker-games-myst-game
faker-games-myst-quote
faker-games-overwatch-hero
faker-games-overwatch-location
faker-games-overwatch-quote
faker-games-pokemon-location
faker-games-pokemon-move
faker-games-pokemon-name
faker-games-sonicthehedgehog-character
faker-games-sonicthehedgehog-game
faker-games-sonicthehedgehog-zone
faker-games-supersmashbros-fighter
faker-games-supersmashbros-stage
faker-games-warhammerfantasy-creature
faker-games-warhammerfantasy-faction
faker-games-warhammerfantasy-hero
faker-games-warhammerfantasy-location
faker-games-warhammerfantasy-quote
faker-games-worldofwarcraft-hero
faker-games-worldofwarcraft-quote
faker-games-zelda-character
faker-games-zelda-game
faker-games-zelda-item
faker-games-zelda-location
faker-gender-binary-type
faker-gender-short-binary-type
faker-gender-type
faker-greekphilosophers-name
faker-greekphilosophers-quote
faker-hacker-abbreviation
faker-hacker-adjective
faker-hacker-ingverb
faker-hacker-noun
faker-hacker-say-something-smart
faker-hacker-verb
faker-harrypotter-book
faker-harrypotter-character
faker-harrypotter-house
faker-harrypotter-location
faker-harrypotter-quote
faker-harrypotter-spell
faker-hipster-paragraph
faker-hipster-paragraph-by-chars
faker-hipster-paragraphs
faker-hipster-sentence
faker-hipster-sentences
faker-hipster-word
faker-hipster-words
faker-hitchhikersguidetothegalaxy-character
faker-hitchhikersguidetothegalaxy-location
faker-hitchhikersguidetothegalaxy-marvin-quote
faker-hitchhikersguidetothegalaxy-planet
faker-hitchhikersguidetothegalaxy-quote
faker-hitchhikersguidetothegalaxy-specie
faker-hitchhikersguidetothegalaxy-starship
faker-house-furniture
faker-house-room
faker-idnumber-brazilian-citizen-number
faker-idnumber-brazilian-id
faker-idnumber-chilean-id
faker-idnumber-invalid
faker-idnumber-invalid-south-african-id-number
faker-idnumber-south-african-id-number
faker-idnumber-spanish-citizen-number
faker-idnumber-spanish-foreign-citizen-number
faker-idnumber-valid
faker-idnumber-valid-south-african-id-number
faker-industrysegments-industry
faker-industrysegments-sector
faker-industrysegments-sub-sector
faker-industrysegments-super-sector
faker-internet-domain-name
faker-internet-domain-suffix
faker-internet-domain-word
faker-internet-email
faker-internet-free-email
faker-internet-http-status-code
faker-internet-ip-v4-address
faker-internet-ip-v4-cidr
faker-internet-ip-v6-address
faker-internet-ip-v6-cidr
faker-internet-mac-address
faker-internet-password
faker-internet-private-ip-v4-address
faker-internet-public-ip-v4-address
faker-internet-safe-email
faker-internet-slug
faker-internet-url
faker-internet-user-agent
faker-internet-username
faker-internet-uuid
faker-invoice-creditor-reference
faker-invoice-reference
faker-japanesemedia-dragonball-character
faker-japanesemedia-onepiece-akuma-no-mi
faker-japanesemedia-onepiece-character
faker-japanesemedia-onepiece-island
faker-japanesemedia-onepiece-location
faker-japanesemedia-onepiece-quote
faker-japanesemedia-onepiece-sea
faker-japanesemedia-swordartonline-game-name
faker-japanesemedia-swordartonline-item
faker-japanesemedia-swordartonline-location
faker-japanesemedia-swordartonline-real-name
faker-job-education-level
faker-job-employment-type
faker-job-field
faker-job-key-skill
faker-job-position
faker-job-seniority
faker-job-title
faker-lorem-characters
faker-lorem-multibyte
faker-lorem-paragraph
faker-lorem-paragraph-by-chars
faker-lorem-paragraphs
faker-lorem-question
faker-lorem-sentence
faker-lorem-sentences
faker-lorem-word
faker-lorem-words
faker-loremflickr-colorized-image
faker-loremflickr-grayscale-image
faker-loremflickr-image
faker-loremflickr-pixelated-image
faker-lorempixel-image
faker-markdown-block-code
faker-markdown-emphasis
faker-markdown-headers
faker-markdown-inline-code
faker-markdown-ordered-list
faker-markdown-random
faker-markdown-sandwich
faker-markdown-table
faker-markdown-unordered-list
faker-marketing-buzzwords
faker-measurement-height
faker-measurement-length
faker-measurement-metric-height
faker-measurement-metric-length
faker-measurement-metric-volume
faker-measurement-metric-weight
faker-measurement-volume
faker-measurement-weight
faker-michaelscott-quote
faker-military-air-force-rank
faker-military-army-rank
faker-military-dod-paygrade
faker-military-marines-rank
faker-military-navy-rank
faker-movie-quote
faker-movie-title
faker-movies-backtothefuture-character
faker-movies-backtothefuture-date
faker-movies-backtothefuture-quote
faker-movies-departed-actor
faker-movies-departed-character
faker-movies-departed-quote
faker-movies-ghostbusters-actor
faker-movies-ghostbusters-character
faker-movies-ghostbusters-quote
faker-movies-gratefuldead-player
faker-movies-gratefuldead-song
faker-movies-harrypotter-book
faker-movies-harrypotter-character
faker-movies-harrypotter-house
faker-movies-harrypotter-location
faker-movies-harrypotter-quote
faker-movies-harrypotter-spell
faker-movies-hitchhikersguidetothegalaxy-character
faker-movies-hitchhikersguidetothegalaxy-location
faker-movies-hitchhikersguidetothegalaxy-marvin-quote
faker-movies-hitchhikersguidetothegalaxy-planet
faker-movies-hitchhikersguidetothegalaxy-quote
faker-movies-hitchhikersguidetothegalaxy-specie
faker-movies-hitchhikersguidetothegalaxy-starship
faker-movies-hobbit-character
faker-movies-hobbit-location
faker-movies-hobbit-quote
faker-movies-hobbit-thorins-company
faker-movies-lebowski-actor
faker-movies-lebowski-character
faker-movies-lebowski-quote
faker-movies-lordoftherings-character
faker-movies-lordoftherings-location
faker-movies-princessbride-character
faker-movies-princessbride-quote
faker-movies-starwars-call-number
faker-movies-starwars-call-sign
faker-movies-starwars-call-squadron
faker-movies-starwars-character
faker-movies-starwars-droid
faker-movies-starwars-planet
faker-movies-starwars-quote
faker-movies-starwars-specie
faker-movies-starwars-vehicle
faker-movies-starwars-wookiee-sentence
faker-movies-vforvendetta-character
faker-movies-vforvendetta-quote
faker-movies-vforvendetta-speech
faker-music-album
faker-music-band
faker-music-chord
faker-music-genre
faker-music-gratefuldead-player
faker-music-gratefuldead-song
faker-music-instrument
faker-music-key
faker-music-opera-bellini
faker-music-opera-donizetti
faker-music-opera-rossini
faker-music-opera-verdi
faker-music-pearljam-album
faker-music-pearljam-musician
faker-music-pearljam-song
faker-music-phish-album
faker-music-phish-musician
faker-music-phish-song
faker-music-prince-album
faker-music-prince-band
faker-music-prince-lyric
faker-music-prince-song
faker-music-rockband-name
faker-music-rush-album
faker-music-rush-player
faker-music-umphreysmcgee-song
faker-name-female-first-name
faker-name-first-name
faker-name-initials
faker-name-last-name
faker-name-male-first-name
faker-name-middle-name
faker-name-name
faker-name-name-with-middle
faker-name-prefix
faker-name-suffix
faker-nation-capital-city
faker-nation-flag
faker-nation-language
faker-nation-national-sport
faker-nation-nationality
faker-nationalhealthservice-british-number
faker-natophoneticalphabet-code-word
faker-number-digit
faker-number-negative
faker-number-non-zero-digit
faker-number-positive
faker-omniauth-apple
faker-omniauth-facebook
faker-omniauth-github
faker-omniauth-google
faker-omniauth-linkedin
faker-omniauth-twitter
faker-phonenumber-area-code
faker-phonenumber-cell-phone
faker-phonenumber-cell-phone-in-e164
faker-phonenumber-cell-phone-with-country-code
faker-phonenumber-country-code
faker-phonenumber-exchange-code
faker-phonenumber-extension
faker-phonenumber-phone-number
faker-phonenumber-phone-number-with-country-code
faker-phonenumber-subscriber-number
faker-placeholdit-image
faker-programminglanguage-creator
faker-programminglanguage-name
faker-quote-famous-last-words
faker-quote-matz
faker-quote-most-interesting-man-in-the-world
faker-quote-robin
faker-quote-singular-siegler
faker-quote-yoda
faker-quotes-rajnikanth-joke
faker-relationship-familial
faker-relationship-in-law
faker-relationship-parent
faker-relationship-sibling
faker-relationship-spouse
faker-restaurant-description
faker-restaurant-name
faker-restaurant-review
faker-restaurant-type
faker-rockband-name
faker-rupaul-queen
faker-rupaul-quote
faker-science-element
faker-science-element-symbol
faker-science-scientist
faker-slackemoji-activity
faker-slackemoji-celebration
faker-slackemoji-custom
faker-slackemoji-emoji
faker-slackemoji-food-and-drink
faker-slackemoji-nature
faker-slackemoji-objects-and-symbols
faker-slackemoji-people
faker-slackemoji-travel-and-places
faker-source-hello-world
faker-source-print
faker-southafrica-cell-phone
faker-southafrica-close-corporation-registration-number
faker-southafrica-id-number
faker-southafrica-invalid-id-number
faker-southafrica-listed-company-registration-number
faker-southafrica-phone-number
faker-southafrica-pty-ltd-registration-number
faker-southafrica-trust-registration-number
faker-southafrica-valid-id-number
faker-southafrica-vat-number
faker-space-agency
faker-space-agency-abv
faker-space-company
faker-space-constellation
faker-space-distance-measurement
faker-space-galaxy
faker-space-launch-vehicle
faker-space-meteorite
faker-space-moon
faker-space-nasa-space-craft
faker-space-nebula
faker-space-planet
faker-space-star
faker-space-star-cluster
faker-sports-basketball-coach
faker-sports-basketball-player
faker-sports-basketball-position
faker-sports-basketball-team
faker-sports-football-coach
faker-sports-football-competition
faker-sports-football-player
faker-sports-football-position
faker-sports-football-team
faker-string-random
faker-stripe-ccv
faker-stripe-invalid-card
faker-stripe-month
faker-stripe-valid-card
faker-stripe-valid-token
faker-stripe-year
faker-subscription-payment-method
faker-subscription-payment-term
faker-subscription-plan
faker-subscription-status
faker-subscription-subscription-term
faker-superhero-descriptor
faker-superhero-name
faker-superhero-power
faker-superhero-prefix
faker-superhero-suffix
faker-team-creature
faker-team-mascot
faker-team-name
faker-team-sport
faker-team-state
faker-tvshows-aquateenhungerforce-character
faker-tvshows-aquateenhungerforce-quote
faker-tvshows-bigbangtheory-character
faker-tvshows-bigbangtheory-quote
faker-tvshows-bojackhorseman-character
faker-tvshows-bojackhorseman-quote
faker-tvshows-bojackhorseman-tongue-twister
faker-tvshows-breakingbad-character
faker-tvshows-breakingbad-episode
faker-tvshows-buffy-big-bad
faker-tvshows-buffy-celebrity
faker-tvshows-buffy-character
faker-tvshows-buffy-quote
faker-tvshows-community-characters
faker-tvshows-community-quotes
faker-tvshows-drwho-actor
faker-tvshows-drwho-catch-phrase
faker-tvshows-drwho-character
faker-tvshows-drwho-quote
faker-tvshows-drwho-specie
faker-tvshows-drwho-the-doctor
faker-tvshows-drwho-villain
faker-tvshows-dumbanddumber-actor
faker-tvshows-dumbanddumber-character
faker-tvshows-dumbanddumber-quote
faker-tvshows-familyguy-character
faker-tvshows-familyguy-location
faker-tvshows-familyguy-quote
faker-tvshows-friends-character
faker-tvshows-friends-location
faker-tvshows-friends-quote
faker-tvshows-gameofthrones-character
faker-tvshows-gameofthrones-city
faker-tvshows-gameofthrones-dragon
faker-tvshows-gameofthrones-house
faker-tvshows-gameofthrones-quote
faker-tvshows-heyarnold-character
faker-tvshows-heyarnold-location
faker-tvshows-heyarnold-quote
faker-tvshows-howimetyourmother-catch-phrase
faker-tvshows-howimetyourmother-character
faker-tvshows-howimetyourmother-high-five
faker-tvshows-howimetyourmother-quote
faker-tvshows-michaelscott-quote
faker-tvshows-newgirl-character
faker-tvshows-newgirl-quote
faker-tvshows-parksandrec-character
faker-tvshows-parksandrec-city
faker-tvshows-rickandmorty-character
faker-tvshows-rickandmorty-location
faker-tvshows-rickandmorty-quote
faker-tvshows-rupaul-queen
faker-tvshows-rupaul-quote
faker-tvshows-seinfeld-business
faker-tvshows-seinfeld-character
faker-tvshows-seinfeld-quote
faker-tvshows-siliconvalley-email
faker-tvshows-simpsons-character
faker-tvshows-simpsons-location
faker-tvshows-simpsons-quote
faker-tvshows-southpark-character
faker-tvshows-southpark-quote
faker-tvshows-stargate-character
faker-tvshows-stargate-planet
faker-tvshows-stargate-quote
faker-tvshows-startrek-character
faker-tvshows-startrek-location
faker-tvshows-startrek-specie
faker-tvshows-startrek-villain
faker-tvshows-strangerthings-character
faker-tvshows-strangerthings-quote
faker-tvshows-suits-character
faker-tvshows-suits-quote
faker-tvshows-theexpanse-character
faker-tvshows-theexpanse-location
faker-tvshows-theexpanse-quote
faker-tvshows-theexpanse-ship
faker-tvshows-thefreshprinceofbelair-celebrity
faker-tvshows-thefreshprinceofbelair-character
faker-tvshows-thefreshprinceofbelair-quote
faker-tvshows-theitcrowd-actor
faker-tvshows-theitcrowd-character
faker-tvshows-theitcrowd-email
faker-tvshows-theitcrowd-quote
faker-tvshows-thethickofit-character
faker-tvshows-thethickofit-department
faker-tvshows-thethickofit-position
faker-tvshows-twinpeaks-character
faker-tvshows-twinpeaks-location
faker-tvshows-twinpeaks-quote
faker-tvshows-venturebros-character
faker-tvshows-venturebros-organization
faker-tvshows-venturebros-quote
faker-tvshows-venturebros-vehicle
faker-twitter-screen-name
faker-twitter-status
faker-twitter-user
faker-types-character
faker-types-complex-rb-hash
faker-types-random-complex-type
faker-types-random-type
faker-types-rb-array
faker-types-rb-hash
faker-types-rb-integer
faker-types-rb-string
faker-university-greek-alphabet
faker-university-greek-organization
faker-university-name
faker-university-prefix
faker-university-suffix
faker-vehicle-car-options
faker-vehicle-car-type
faker-vehicle-color
faker-vehicle-door-count
faker-vehicle-doors
faker-vehicle-drive-type
faker-vehicle-engine
faker-vehicle-engine-size
faker-vehicle-fuel-type
faker-vehicle-kilometrage
faker-vehicle-license-plate
faker-vehicle-make
faker-vehicle-make-and-model
faker-vehicle-manufacture
faker-vehicle-mileage
faker-vehicle-model
faker-vehicle-singapore-license-plate
faker-vehicle-standard-specs
faker-vehicle-style
faker-vehicle-transmission
faker-vehicle-vin
faker-vehicle-year
faker-verb-base
faker-verb-ing-form
faker-verb-past
faker-verb-past-participle
faker-verb-simple-present
faker-worldcup-city
faker-worldcup-group
faker-worldcup-roster
faker-worldcup-stadium
faker-worldcup-team
